created_at,id,login,role,last_logged_ip,2fa_enabled?,outside_collaborator
2021-03-26 04:11:02 -0400,67780980,warren_legros,user,198.136.250.86,true,false
2015-05-16 03:10:51 -0500,44797180,open-sourceHahn,user,164.221.39.112,true,false
2010-09-19 00:13:13 -0500,2365362,kari_koepp3,user,204.199.76.242,true,false
2012-02-07 17:51:49 -0400,80170250,cross-platformGraham,user,75.11.186.202,false,false
2009-03-01 04:34:25 -0500,98093246,1080pBauch,user,66.105.146.250,true,false
2012-08-12 13:26:17 -0500,91632719,daryl90,user,222.83.234.210,true,false
2022-06-01 06:32:38 -0400,16722815,white-wicke,user,252.1.200.4,true,false
2012-01-26 02:34:16 -0500,78170482,digitalMcLaughlin,user,52.216.6.67,true,false
2024-11-17 14:39:10 -0500,50252521,watsica-trick,user,132.215.202.109,true,false
2021-01-17 05:23:17 -0400,86285537,dibbert-gloss,user,144.255.228.254,true,false
2024-09-07 00:15:35 -0400,59564000,open-sourceNitzsche,user,85.145.1.243,false,false
2009-09-14 16:26:14 -0500,95929926,adah55,user,69.171.77.192,true,false
2009-12-04 22:26:11 -0500,104753513,senger-weigh,user,206.122.202.152,true,false
2023-03-14 05:59:56 -0400,84669050,myrnagraham,admin,46.58.47.145,true,true
2008-09-09 22:58:56 -0400,103445132,irma65,user,81.176.145.144,false,false
2018-03-04 01:41:20 -0500,7842854,open-sourceTowne,user,138.28.25.241,false,false
2019-11-18 05:01:52 -0400,104964214,auxiliaryLowe,user,240.102.189.157,false,true
2014-10-12 11:37:52 -0500,92192833,suzanne_hahn54,user,107.222.13.112,true,false
2009-05-09 07:14:02 -0400,118526688,digitalKiehn,user,98.99.59.44,true,false
2025-10-03 10:52:56 -0400,73609405,mueller-tough,user,253.189.58.34,true,true
2019-08-15 05:10:13 -0400,93550159,fletcher35,user,14.206.199.20,false,false
2024-12-05 09:45:41 -0400,97899994,redundantLindgren,user,57.76.28.119,true,false
2018-02-25 06:07:53 -0500,103455328,tromp-petty,user,167.189.240.61,true,false
2015-05-08 17:29:04 -0400,81991083,lois13,user,217.232.178.65,true,false
2018-10-10 16:33:16 -0500,95691143,solidstateChristians,user,217.191.185.101,false,false
2023-09-20 14:45:09 -0500,104621237,solidstateKuvalis,user,211.104.186.0,true,false
2021-02-23 19:30:00 -0400,74031269,dashawn_nader53,admin,161.190.136.3,true,false
2017-10-03 18:32:57 -0400,75914664,virtualFarrell,admin,26.62.19.217,false,false
2009-04-20 01:34:20 -0500,5489139,brett64,admin,249.54.146.181,false,false
2010-10-01 00:19:29 -0500,81995477,larue24,user,70.12.101.174,false,false
2016-02-23 16:13:04 -0500,78541380,back-endRobel,user,243.107.203.94,true,false
2024-06-18 09:16:59 -0400,107291915,presley67,user,54.142.7.166,true,false
2014-11-14 23:11:52 -0500,92510645,jennieconn,user,194.210.119.224,true,false
2008-12-18 19:28:07 -0400,82267866,back-endGerlach,user,51.85.150.167,true,false
2018-04-23 07:27:00 -0400,47099287,abigail22,user,153.154.242.87,true,false
2023-10-02 11:06:14 -0500,17099551,lehner-excel,user,158.63.116.70,true,false
2008-04-15 02:21:01 -0400,47630853,arianna80,user,145.74.91.102,true,false
2011-03-03 15:42:01 -0500,6236648,opticalKulas,user,181.132.253.125,false,false
2022-05-23 01:53:32 -0500,54278249,polly99,user,134.194.83.37,true,false
2009-03-05 20:13:58 -0400,21854231,open-sourceProhaska,user,168.161.18.161,true,false
2020-03-28 23:39:11 -0500,8663901,neuralTremblay,user,65.247.129.122,true,false
2021-09-12 08:22:59 -0400,104043793,primaryMetz,user,112.73.25.160,true,false
2023-11-12 06:35:54 -0400,74756028,wirelessWehner,user,187.173.75.135,true,false
2024-03-07 23:10:51 -0400,29667804,annamae_bailey28,admin,113.255.134.114,true,false
2018-02-11 23:15:39 -0400,92816798,darwin19,user,248.70.49.39,true,false
2009-03-15 08:49:25 -0400,74057437,macejkovic-ugly,user,42.195.66.43,true,false
2021-08-14 20:48:35 -0500,24701024,tommy_bruen87,user,69.14.79.127,true,false
2024-01-04 10:56:18 -0500,4988838,jeremy11,user,252.147.202.175,false,false
2025-08-25 10:30:29 -0500,16758236,redundantLuettgen-Ru,user,78.212.127.36,true,false
2020-12-03 16:26:52 -0400,83115145,blanda-wrath,user,241.210.60.203,true,false
2019-11-16 00:55:41 -0500,25881096,hapticMacGyver,user,100.212.76.53,true,false
2019-12-02 23:24:52 -0500,68041995,hirthe-grant-trivi,user,224.230.101.84,true,false
2020-10-22 19:26:49 -0400,65338737,wilkinson-short,user,83.24.14.148,true,false
2020-05-13 05:22:13 -0400,72413871,greenholt-stron,user,158.150.235.88,true,false
2023-07-14 00:20:22 -0400,69620726,brian22,user,155.159.171.12,false,false
2020-12-01 04:00:38 -0500,29217951,keyshawnschinner16,admin,15.109.175.6,false,false
2009-06-08 06:18:48 -0500,37356993,laury_wisozk21,user,183.85.166.140,true,false
2010-03-20 04:31:42 -0400,68077510,reinger-witty,user,246.130.96.45,true,false
2017-01-18 22:36:49 -0500,27369650,gary51,user,156.105.64.5,true,false
2024-05-07 18:16:49 -0400,80106021,caleb_emmerich8,user,159.181.62.164,true,false
2011-09-25 05:05:01 -0500,72851324,bessie50,user,59.96.226.136,true,false
2016-12-04 16:24:25 -0500,83092369,candace34,admin,32.222.114.186,true,false
2018-04-03 02:53:11 -0400,27198845,conrad13,user,17.197.194.206,true,false
2022-03-16 21:39:31 -0400,39960296,ludiemante36,user,254.127.234.204,true,false
2021-06-02 13:57:10 -0500,24112122,rhiannondach,user,24.191.201.173,true,false
2014-08-23 22:14:23 -0400,119098022,bayer-flowe,admin,138.58.161.103,false,false
2019-02-22 03:49:46 -0500,4339342,kearaledner2,user,67.91.88.106,true,false
2024-07-09 09:26:36 -0500,110327045,lisandro88,user,253.254.17.82,false,false
2024-02-23 09:52:52 -0500,94803674,franco97,user,20.183.32.74,true,false
2020-05-28 15:49:07 -0500,110730871,goldner-jitte,user,155.51.100.124,false,false
2017-05-05 08:04:01 -0400,115573818,mobileBrakus,user,247.64.31.3,true,false
2017-06-03 15:12:37 -0500,18243067,virtualBradtke,user,199.223.253.198,true,false
2025-01-20 23:14:08 -0400,36393087,wirelessKirlin,user,177.49.124.86,true,false
2025-10-18 07:37:31 -0400,15685332,nathanial81,admin,115.37.22.52,true,false
2015-10-21 18:00:24 -0400,2303171,geneva94,user,194.162.90.149,true,false
2011-01-07 23:48:57 -0400,13168432,shayna52,user,116.82.18.175,false,false
2016-02-10 17:28:22 -0400,55133666,neuralKling,user,228.95.169.132,false,false
2013-09-13 06:50:02 -0500,55377350,claude60,user,168.203.107.44,false,false
2019-01-15 03:44:30 -0500,5000843,herzog-clean,user,183.96.248.53,true,false
2008-12-21 08:17:20 -0500,79364507,multi-byteBednar,user,44.146.109.237,true,false
2021-04-01 01:58:17 -0500,74959666,bluetoothQuigley,user,52.167.235.160,true,false
2021-08-15 01:58:47 -0400,117596442,rhonda96,user,149.25.166.189,true,false
2019-02-10 22:13:22 -0400,52728655,oconnell-defin,user,241.109.107.8,true,false
2011-11-19 06:48:51 -0500,110271193,ankunding-gummy,user,193.74.109.135,true,false
2021-10-19 04:32:59 -0500,5180944,back-endStreich-Schu,user,33.184.250.21,true,false
2011-07-24 17:32:35 -0500,35705884,heller-venge,user,176.90.201.131,false,false
2021-02-13 00:14:43 -0500,11901462,bluetoothBayer,user,204.209.115.117,true,false
2021-08-06 08:47:33 -0400,91318915,lorena30,user,190.232.104.192,true,true
2014-04-05 07:52:59 -0400,53833331,farrell-punct,user,226.221.186.6,true,false
2015-09-01 14:21:47 -0400,70584313,stephen_kuvalis49,user,164.111.114.23,true,false
2018-07-17 16:48:16 -0500,59790732,open-sourceTerry,user,14.253.49.150,true,false
2020-10-15 10:08:19 -0400,10632142,josue79,user,153.37.74.249,true,true
2024-08-12 15:47:07 -0400,100776291,lemke-celeb,user,146.102.56.158,true,false
2014-05-01 00:49:16 -0500,35847139,rice-storm,admin,66.97.69.187,true,false
2023-03-23 10:28:08 -0400,87352744,ariane94,user,111.213.114.152,true,false
2010-08-04 18:39:57 -0400,6846660,turner-guilt,user,66.255.36.200,true,true
2012-04-22 10:46:03 -0400,4033728,jimmie_jenkins22,user,232.12.72.241,true,false
2015-05-26 00:39:57 -0500,112418702,opticalMorar,user,107.54.9.249,true,false
2025-04-19 04:33:27 -0500,73023312,brenda68,user,29.53.97.160,true,false
2012-11-16 12:06:51 -0500,8120296,antonia68,user,139.37.82.19,true,false
